{
  "backprop" : true,
  "backpropType" : "Standard",
  "defaultConfiguration" : {
    "iterationCount" : 0,
    "l1ByParam" : { },
    "l2ByParam" : { },
    "layer" : null,
    "leakyreluAlpha" : 0.0,
    "learningRateByParam" : { },
    "learningRatePolicy" : "None",
    "lrPolicyDecayRate" : "NaN",
    "lrPolicyPower" : "NaN",
    "lrPolicySteps" : "NaN",
    "maxNumLineSearchIterations" : 5,
    "miniBatch" : true,
    "minimize" : true,
    "numIterations" : 1,
    "optimizationAlgo" : "STOCHASTIC_GRADIENT_DESCENT",
    "pretrain" : false,
    "seed" : 1516827553927,
    "stepFunction" : null,
    "useDropConnect" : false,
    "useRegularization" : false,
    "variables" : [ "layer0_W", "layer0_b", "layer1_W", "layer1_b" ]
  },
  "iterationCount" : 0,
  "networkInputs" : [ "in" ],
  "networkOutputs" : [ "layer1" ],
  "pretrain" : false,
  "tbpttBackLength" : 20,
  "tbpttFwdLength" : 20,
  "vertexInputs" : {
    "layer0" : [ "in" ],
    "layer1" : [ "layer0" ]
  },
  "vertices" : {
    "layer0" : {
      "LayerVertex" : {
        "layerConf" : {
          "iterationCount" : 0,
          "l1ByParam" : {
            "b" : 0.0,
            "W" : 0.0
          },
          "l2ByParam" : {
            "b" : 0.0,
            "W" : 0.0
          },
          "layer" : {
            "dense" : {
              "activationFn" : {
                "TanH" : { }
              },
              "adamMeanDecay" : "NaN",
              "adamVarDecay" : "NaN",
              "biasInit" : 0.0,
              "biasLearningRate" : 0.1,
              "dist" : null,
              "dropOut" : 0.0,
              "epsilon" : "NaN",
              "gradientNormalization" : "None",
              "gradientNormalizationThreshold" : 1.0,
              "l1" : 0.0,
              "l1Bias" : 0.0,
              "l2" : 0.0,
              "l2Bias" : 0.0,
              "layerName" : "layer0",
              "learningRate" : 0.1,
              "learningRateSchedule" : null,
              "momentum" : 0.9,
              "momentumSchedule" : { },
              "nin" : 4,
              "nout" : 3,
              "rho" : "NaN",
              "rmsDecay" : "NaN",
              "updater" : "NESTEROVS",
              "weightInit" : "XAVIER"
            }
          },
          "leakyreluAlpha" : 0.0,
          "learningRateByParam" : {
            "b" : 0.1,
            "W" : 0.1
          },
          "learningRatePolicy" : "None",
          "lrPolicyDecayRate" : "NaN",
          "lrPolicyPower" : "NaN",
          "lrPolicySteps" : "NaN",
          "maxNumLineSearchIterations" : 5,
          "miniBatch" : true,
          "minimize" : true,
          "numIterations" : 1,
          "optimizationAlgo" : "STOCHASTIC_GRADIENT_DESCENT",
          "pretrain" : false,
          "seed" : 1516827553927,
          "stepFunction" : null,
          "useDropConnect" : false,
          "useRegularization" : false,
          "variables" : [ "W", "b" ]
        },
        "outputVertex" : false,
        "preProcessor" : null
      }
    },
    "layer1" : {
      "LayerVertex" : {
        "layerConf" : {
          "iterationCount" : 0,
          "l1ByParam" : {
            "b" : 0.0,
            "W" : 0.0
          },
          "l2ByParam" : {
            "b" : 0.0,
            "W" : 0.0
          },
          "layer" : {
            "output" : {
              "activationFn" : {
                "Softmax" : { }
              },
              "adamMeanDecay" : "NaN",
              "adamVarDecay" : "NaN",
              "biasInit" : 0.0,
              "biasLearningRate" : 0.1,
              "dist" : null,
              "dropOut" : 0.0,
              "epsilon" : "NaN",
              "gradientNormalization" : "None",
              "gradientNormalizationThreshold" : 1.0,
              "l1" : 0.0,
              "l1Bias" : 0.0,
              "l2" : 0.0,
              "l2Bias" : 0.0,
              "layerName" : "layer1",
              "learningRate" : 0.1,
              "learningRateSchedule" : null,
              "lossFn" : {
                "NegativeLogLikelihood" : { }
              },
              "lossFunction" : "NEGATIVELOGLIKELIHOOD",
              "momentum" : 0.9,
              "momentumSchedule" : { },
              "nin" : 3,
              "nout" : 3,
              "rho" : "NaN",
              "rmsDecay" : "NaN",
              "updater" : "NESTEROVS",
              "weightInit" : "XAVIER"
            }
          },
          "leakyreluAlpha" : 0.0,
          "learningRateByParam" : {
            "b" : 0.1,
            "W" : 0.1
          },
          "learningRatePolicy" : "None",
          "lrPolicyDecayRate" : "NaN",
          "lrPolicyPower" : "NaN",
          "lrPolicySteps" : "NaN",
          "maxNumLineSearchIterations" : 5,
          "miniBatch" : true,
          "minimize" : true,
          "numIterations" : 1,
          "optimizationAlgo" : "STOCHASTIC_GRADIENT_DESCENT",
          "pretrain" : false,
          "seed" : 1516827553927,
          "stepFunction" : null,
          "useDropConnect" : false,
          "useRegularization" : false,
          "variables" : [ "W", "b" ]
        },
        "outputVertex" : false,
        "preProcessor" : null
      }
    }
  }
}